specimen_name,scan_number,total_contact_length_microns,total_contact_length_mm,SAEF,MID_mm,VIR,CAT_HORIZONTAL_len_mm,CAT_CLOSING_len_mm,CAT_OPENING_UPPER_len_mm,CAT_OPENING_LOWER_len_mm
slo_40_01,0001,4943.0593,4.9431,2.8580,3.4898,0.2578,2.6389,1.0197,1.0060,0.2785
slo_40_01,0002,3457.9796,3.4580,2.0086,2.5170,0.2079,0.7620,0.6661,2.0298,0.0000
slo_40_01,0003,3867.2942,3.8673,1.8466,2.6454,0.2485,0.0000,0.8457,3.0216,0.0000
slo_40_01,0004,4113.2132,4.1132,1.8272,2.7295,0.2496,0.0000,0.9718,3.1414,0.0000
slo_40_01,0005,4188.9814,4.1890,1.8008,2.7750,0.2507,0.0000,0.9699,3.2191,0.0000
slo_40_01,0006,4124.9186,4.1249,1.7733,2.7489,0.2475,0.0000,0.9830,3.1419,0.0000
slo_40_01,0007,4089.7193,4.0897,1.7720,2.6773,0.2521,0.0000,0.9701,3.1196,0.0000
slo_40_01,0008,4113.2546,4.1133,1.7683,2.7568,0.2424,0.0000,0.9266,3.1867,0.0000
slo_40_01,0009,4252.9219,4.2529,1.8283,2.7591,0.2523,0.0000,1.0921,3.1609,0.0000
slo_40_01,0010,4317.8431,4.3178,1.8562,2.8125,0.2548,0.0000,1.0741,3.2438,0.0000
slo_40_01,0011,4465.4238,4.4654,1.9957,3.2693,0.2080,0.3875,0.9754,3.1025,0.0000
slo_40_01,0012,4255.1077,4.2551,1.8293,2.7807,0.2502,0.0000,1.0224,3.2327,0.0000
slo_40_01,0013,3932.3474,3.9323,1.7047,2.7659,0.2243,0.0000,0.8618,3.0705,0.0000
slo_40_01,0014,3979.2052,3.9792,1.7721,2.5761,0.2450,0.0000,1.0285,2.9507,0.0000
slo_40_01,0015,4005.9492,4.0059,1.7383,2.6579,0.2448,0.0000,0.9660,3.0400,0.0000
slo_40_01,0016,4067.0275,4.0670,1.7484,2.7682,0.2360,0.0000,1.1766,2.8905,0.0000
slo_40_01,0017,4080.2339,4.0802,1.7541,2.7500,0.2562,0.0000,1.2595,2.8207,0.0000
slo_40_01,0018,4126.5660,4.1266,1.7740,2.8057,0.2418,0.0000,1.3029,2.8237,0.0000
slo_40_01,0019,3467.8926,3.4679,1.7212,2.0591,0.2891,0.0000,1.0018,2.2139,0.2522
slo_50_01,0001,5698.5186,5.6985,2.4606,3.4648,0.3155,1.0402,1.4609,2.2369,0.9606
slo_50_01,0002,3629.0949,3.6291,1.5601,1.9886,0.2443,0.0000,2.2471,1.3820,0.0000
slo_50_01,0003,3597.6670,3.5977,1.5466,1.9250,0.2490,0.0000,2.2276,1.3700,0.0000
slo_50_01,0004,3688.8472,3.6888,1.5858,1.9148,0.2528,0.1379,2.0865,1.4645,0.0000
slo_50_01,0005,3592.8422,3.5928,1.5446,1.9125,0.2464,0.0000,1.7036,1.8892,0.0000
slo_50_01,0006,3281.8032,3.2818,1.4601,2.0034,0.2147,0.0000,1.5426,1.7392,0.0000
slo_50_01,0007,3784.0810,3.7841,1.6861,1.9170,0.2697,0.0000,1.3543,2.4298,0.0000
slo_50_01,0008,3772.5363,3.7725,1.6632,1.9239,0.2496,0.1421,1.6976,1.9329,0.0000
slo_50_01,0009,3818.6039,3.8186,1.6416,1.9295,0.2524,0.1387,1.5168,2.1632,0.0000
slo_50_01,0010,3729.6959,3.7297,1.6034,1.9954,0.2430,0.0000,1.3951,2.3346,0.0000
slo_50_01,0011,3461.9506,3.4620,1.4883,1.9329,0.2408,0.0000,1.6246,1.8374,0.0000
slo_50_01,0012,3461.6641,3.4617,1.5081,1.8898,0.2508,0.0000,1.7858,1.6759,0.0000
slo_50_01,0013,3987.6224,3.9876,1.7143,1.9716,0.2651,0.0000,1.4985,2.4892,0.0000
slo_50_01,0014,3635.8610,3.6359,1.5631,1.8886,0.2507,0.0000,1.1245,2.5114,0.0000
slo_50_01,0015,3629.4288,3.6294,1.5603,1.8716,0.2541,0.0000,0.9791,2.6503,0.0000
slo_50_01,0016,3627.4634,3.6275,1.5594,1.9136,0.2504,0.0000,1.3041,2.3233,0.0000
slo_50_01,0017,4403.6967,4.4037,1.9071,1.9534,0.2499,0.0000,2.3337,1.9386,0.1315
slo_50_01,0018,3337.8687,3.3379,1.4941,1.7261,0.2592,0.0000,1.0994,2.2385,0.0000
slo_60_01,0001,4092.1111,4.0921,1.8032,2.3920,0.2888,0.6695,1.2860,1.9648,0.1719
slo_60_01,0002,3209.7812,3.2098,1.3799,1.3295,0.2505,0.0000,1.8396,1.3702,0.0000
slo_60_01,0003,3178.9206,3.1789,1.3666,1.1807,0.2665,0.0000,2.2368,0.9421,0.0000
slo_60_01,0004,3326.1890,3.3262,1.4299,1.3830,0.2365,0.0000,2.1445,1.1816,0.0000
slo_60_01,0005,3308.0406,3.3080,1.4221,1.3307,0.2472,0.0000,1.7224,1.5856,0.0000
slo_60_01,0006,3137.2048,3.1372,1.3957,1.3352,0.2271,0.0000,1.3951,1.7421,0.0000
slo_60_01,0007,3345.3781,3.3454,1.4382,1.2477,0.2751,0.0000,1.5771,1.7683,0.0000
slo_60_01,0008,3259.5562,3.2596,1.4013,1.4329,0.2255,0.0000,1.7558,1.5037,0.0000
slo_60_01,0009,3157.0187,3.1570,1.3572,1.2773,0.2617,0.0000,2.3390,0.8180,0.0000
slo_60_01,0010,3000.3052,3.0003,1.2898,1.3307,0.2441,0.0000,1.9793,1.0210,0.0000
slo_60_01,0011,3116.5695,3.1166,1.3398,1.3568,0.2386,0.0000,1.2946,1.8220,0.0000
slo_60_01,0012,3180.3664,3.1804,1.3672,1.3625,0.2379,0.0000,1.7329,1.4474,0.0000
slo_60_01,0013,3132.4464,3.1324,1.3466,1.3602,0.2307,0.0000,2.2284,0.9041,0.0000
slo_60_01,0014,3160.9822,3.1610,1.3589,1.2727,0.2487,0.0000,2.1614,0.9996,0.0000
slo_60_01,0015,3158.2152,3.1582,1.3577,1.3398,0.2364,0.0000,2.1663,0.9919,0.0000
slo_65_01,0001,3377.0108,3.3770,1.4807,1.3409,0.2269,0.1472,2.1733,1.0565,0.0000
slo_65_01,0002,3096.9352,3.0969,1.3314,1.0909,0.2482,0.0000,2.3867,0.7102,0.0000
slo_65_01,0003,2599.5913,2.5996,1.1450,0.9659,0.2402,0.0000,2.0119,0.5877,0.0000
slo_65_01,0004,2873.9489,2.8739,1.2514,1.0080,0.2433,0.0000,2.1180,0.7559,0.0000
slo_65_01,0005,2966.3767,2.9664,1.2752,0.9773,0.2542,0.0000,2.1207,0.8456,0.0000
slo_65_01,0006,3040.1587,3.0402,1.3070,1.1330,0.2282,0.0000,1.7151,1.3250,0.0000
slo_65_01,0007,3066.0907,3.0661,1.3181,1.0273,0.2550,0.0000,1.8872,1.1789,0.0000
slo_65_01,0008,3056.8094,3.0568,1.3504,1.1364,0.2286,0.0000,1.9679,1.0889,0.0000
slo_65_01,0009,2952.3158,2.9523,1.2692,1.1023,0.2349,0.0000,1.6728,1.2795,0.0000
slo_65_01,0010,3155.8929,3.1559,1.3567,1.0432,0.2572,0.0000,1.8800,1.2759,0.0000
slo_65_01,0011,3029.7246,3.0297,1.3025,0.9818,0.2568,0.0000,1.8642,1.1655,0.0000
slo_65_01,0012,3145.8968,3.1459,1.3524,1.0727,0.2460,0.0000,1.9973,1.1486,0.0000
slo_65_01,0013,2870.1847,2.8702,1.2522,1.0682,0.2182,0.0000,2.1795,0.6907,0.0000
slo_65_01,0014,3186.5352,3.1865,1.3699,1.0955,0.2395,0.0000,2.0500,1.1365,0.0000
slo_65_01,0015,3223.0974,3.2231,1.3856,1.0227,0.2622,0.0000,1.8383,1.3848,0.0000
slo_65_01,0016,2915.0952,2.9151,1.2681,0.9580,0.2478,0.0000,1.4813,1.4338,0.0000
slo_65_01,0017,3075.4967,3.0755,1.3222,1.1034,0.2288,0.0000,1.5560,1.5195,0.0000
slo_70_01,0001,3183.0782,3.1831,1.3684,1.0864,0.2161,0.0000,2.1131,1.0699,0.0000
slo_70_01,0002,2791.8716,2.7919,1.2478,0.8739,0.2188,0.0000,1.4146,1.3773,0.0000
slo_70_01,0003,2807.8148,2.8078,1.2208,0.7864,0.2332,0.0000,1.6712,1.1366,0.0000
slo_70_01,0004,2988.2576,2.9883,1.2846,0.7989,0.2469,0.0000,1.8097,1.1786,0.0000
slo_70_01,0005,2921.8613,2.9219,1.2901,0.8739,0.2172,0.0000,1.8337,1.0881,0.0000
slo_70_01,0006,2868.3778,2.8684,1.2386,0.7784,0.2567,0.0000,1.7262,1.1421,0.0000
slo_70_01,0007,2923.0991,2.9231,1.2868,0.8864,0.2264,0.0000,1.6438,1.2793,0.0000
slo_70_01,0008,2871.8800,2.8719,1.2346,0.7852,0.2516,0.0000,1.7637,1.1082,0.0000
slo_70_01,0009,2878.4795,2.8785,1.2755,0.8625,0.2314,0.0000,1.4579,1.4205,0.0000
slo_70_01,0010,2991.4597,2.9915,1.3563,0.8170,0.2491,0.0000,2.7761,0.2153,0.0000
slo_70_01,0011,3002.1903,3.0022,1.2906,0.9068,0.2244,0.0000,1.6421,1.3601,0.0000
slo_70_01,0012,2914.0603,2.9141,1.2664,0.8034,0.2356,0.0000,1.5002,1.4139,0.0000
slo_70_01,0013,3008.3897,3.0084,1.2933,0.8909,0.2246,0.0000,1.5148,1.4936,0.0000
slo_70_01,0014,2939.9611,2.9400,1.2994,0.8670,0.2173,0.0000,1.4623,1.4777,0.0000
slo_70_01,0015,2981.7910,2.9818,1.2819,0.7557,0.2502,0.0000,1.5875,1.3943,0.0000
slo_70_01,0016,2893.7138,2.8937,1.2726,0.7977,0.2348,0.0000,1.6164,1.2773,0.0000
slo_75_01,0001,2751.5391,2.7515,1.2241,0.6670,0.2214,0.0000,1.6912,1.0603,0.0000
slo_75_01,0002,2865.6974,2.8657,1.3073,0.5659,0.2511,0.0000,2.0105,0.8552,0.0000
slo_75_01,0003,3319.6486,3.3196,1.4271,0.5727,0.2634,0.0000,2.8948,0.4249,0.0000
slo_75_01,0004,3098.2149,3.0982,1.3319,0.5932,0.2449,0.0000,2.2797,0.8185,0.0000
slo_75_01,0005,2914.2622,2.9143,1.2528,0.6761,0.2157,0.0000,1.7866,1.1277,0.0000
slo_75_01,0006,2939.9384,2.9399,1.2639,0.6909,0.2052,0.0000,2.0071,0.9328,0.0000
slo_75_01,0007,2934.1343,2.9341,1.2614,0.5955,0.2524,0.0000,2.2478,0.6863,0.0000
slo_75_01,0008,2951.3400,2.9513,1.2688,0.6909,0.2027,0.0000,2.1365,0.8148,0.0000
slo_75_01,0009,3105.9113,3.1059,1.3749,0.6818,0.2333,0.0000,2.1033,1.0027,0.0000
slo_75_01,0010,3127.5576,3.1276,1.3445,0.7034,0.2284,0.0000,2.1579,0.9696,0.0000
slo_75_01,0011,2965.0561,2.9651,1.2747,0.6841,0.2000,0.0000,2.1178,0.8472,0.0000
slo_75_01,0012,2927.5163,2.9275,1.2585,0.7136,0.2324,0.0000,1.9613,0.9662,0.0000
slo_75_01,0013,2919.8493,2.9198,1.2552,0.6091,0.2219,0.0000,1.8762,1.0437,0.0000
slo_75_01,0014,2751.0907,2.7511,1.2021,0.6477,0.1998,0.0000,1.8870,0.8640,0.0000
slo_75_01,0015,3626.2481,3.6262,1.6060,1.2102,0.1374,0.7325,2.3000,0.5937,0.0000
slo_80_01,0001,3085.9602,3.0860,1.3267,0.7216,0.1910,0.0000,1.9340,1.1519,0.0000
slo_80_01,0002,2888.9648,2.8890,1.2420,0.4795,0.2240,0.0000,2.0476,0.8413,0.0000
slo_80_01,0003,2917.9264,2.9179,1.2544,0.5216,0.2030,0.0000,1.9486,0.9693,0.0000
slo_80_01,0004,2865.5485,2.8655,1.2319,0.5307,0.2202,0.0000,1.9994,0.5857,0.2804
slo_80_01,0005,2803.3884,2.8034,1.2347,0.5273,0.1631,0.0000,2.1451,0.5458,0.1125
slo_80_01,0006,3140.0420,3.1400,1.3499,0.4989,0.2079,0.0000,2.1861,0.9539,0.0000
slo_80_01,0007,2808.5708,2.8086,1.2476,0.4409,0.2429,0.0000,1.8578,0.9507,0.0000
slo_80_01,0008,3112.9872,3.1130,1.3383,0.5011,0.2114,0.0000,2.5553,0.5577,0.0000
slo_80_01,0009,2857.1802,2.8572,1.2283,0.4182,0.2068,0.0922,1.7273,0.8536,0.1841
slo_80_01,0010,2703.6552,2.7037,1.1778,0.5182,0.1868,0.0000,2.3774,0.2314,0.0949
slo_80_01,0011,2879.6521,2.8797,1.2380,0.5568,0.1997,0.0000,2.3644,0.5152,0.0000
slo_80_01,0012,2839.1605,2.8392,1.2492,0.4943,0.1779,0.0000,2.1686,0.6706,0.0000
slo_80_01,0013,2858.6155,2.8586,1.2289,0.4068,0.2415,0.0000,2.4833,0.3753,0.0000
slo_80_01,0014,3217.2225,3.2172,1.3871,0.5261,0.2285,0.0000,2.9337,0.2835,0.0000
slo_80_01,0015,2686.5769,2.6866,1.1833,0.4239,0.2014,0.0000,2.0192,0.6674,0.0000
slo_81_01,0001,3005.2464,3.0052,1.3316,0.5159,0.1832,0.0000,1.5988,0.9057,0.5007
slo_81_01,0002,3259.5845,3.2596,1.4013,0.5852,0.1956,0.0000,1.8446,0.8400,0.5750
slo_81_01,0003,3082.1161,3.0821,1.3831,0.6239,0.1708,0.0000,1.8212,0.8244,0.4365
slo_81_01,0004,2924.6212,2.9246,1.2875,0.5443,0.1850,0.0525,1.9513,0.8233,0.0976
slo_81_01,0005,2840.1671,2.8402,1.2210,0.5011,0.2152,0.0625,2.1636,0.6140,0.0000
slo_81_01,0006,2949.1815,2.9492,1.2760,0.4955,0.1955,0.0000,2.2918,0.6574,0.0000
slo_81_01,0007,2903.1823,2.9032,1.2481,0.4932,0.2234,0.0000,2.2635,0.6396,0.0000
slo_81_01,0008,2790.7578,2.7908,1.1997,0.5682,0.1923,0.0000,1.9071,0.8837,0.0000
slo_81_01,0009,2837.4789,2.8375,1.2435,0.5023,0.2036,0.0000,2.0041,0.8334,0.0000
slo_81_01,0010,2973.8305,2.9738,1.2784,0.4955,0.1970,0.0000,2.1442,0.8296,0.0000
slo_81_01,0011,2857.7916,2.8578,1.2286,0.4750,0.2076,0.0000,1.9233,0.9345,0.0000
slo_81_01,0012,2880.7591,2.8808,1.2384,0.4432,0.2049,0.0000,2.3129,0.5678,0.0000
slo_81_01,0013,2947.5998,2.9476,1.2709,0.5466,0.1917,0.0000,2.0688,0.7834,0.0954
slo_81_01,0014,2991.6512,2.9917,1.2861,0.5375,0.2046,0.0000,1.9233,0.9752,0.0931
slo_81_01,0015,3009.1903,3.0092,1.2936,0.5682,0.1965,0.0000,2.0127,0.9965,0.0000
slo_81_01,0016,2868.4195,2.8684,1.2331,0.5227,0.1997,0.0000,1.8936,0.9749,0.0000
slo_81_01,0017,2883.9334,2.8839,1.2614,0.5239,0.1860,0.0000,1.8835,1.0004,0.0000
slo_82_01,0001,3421.8561,3.4219,1.4711,0.5341,0.1842,0.1166,1.7927,0.8622,0.6504
slo_82_01,0002,3163.8508,3.1639,1.3742,0.5591,0.1989,0.0000,1.9055,0.7916,0.4667
slo_82_01,0003,2944.0218,2.9440,1.2656,0.4523,0.1913,0.0000,1.9147,0.8294,0.2000
slo_82_01,0004,2768.8939,2.7689,1.1903,0.5045,0.2021,0.0000,1.9166,0.7331,0.1192
slo_82_01,0005,2615.3873,2.6154,1.1244,0.4420,0.1770,0.0000,1.8689,0.7464,0.0000
slo_82_01,0006,2909.0225,2.9090,1.2506,0.4193,0.1953,0.0000,2.2017,0.7073,0.0000
slo_82_01,0007,2931.7760,2.9318,1.2604,0.4352,0.2212,0.0000,2.3928,0.5390,0.0000
slo_82_01,0008,2833.1423,2.8331,1.2180,0.5352,0.1873,0.0000,2.2276,0.6056,0.0000
slo_82_01,0009,3117.4418,3.1174,1.3897,0.5193,0.2088,0.0000,2.2268,0.7961,0.0945
slo_82_01,0010,3282.1092,3.2821,1.4110,0.4705,0.2023,0.0000,2.4495,0.8326,0.0000
slo_82_01,0011,2942.6931,2.9427,1.2807,0.4716,0.1940,0.0000,2.1242,0.5944,0.2241
slo_82_01,0012,2885.8610,2.8859,1.2406,0.3966,0.1917,0.0000,2.0409,0.6058,0.2391
slo_82_01,0013,3035.3102,3.0353,1.3074,0.5068,0.1856,0.0000,2.0067,0.7223,0.3063
slo_82_01,0014,2951.6820,2.9517,1.2689,0.5227,0.1804,0.0000,2.0914,0.6994,0.1609
slo_82_01,0015,3021.5445,3.0215,1.2990,0.4716,0.1788,0.0000,2.0192,0.8433,0.1591
slo_83_01,0001,3423.2185,3.4232,1.4825,0.6352,0.1741,0.1184,1.6256,0.7919,0.8872
slo_83_01,0002,2941.7007,2.9417,1.2777,0.5057,0.1827,0.0000,1.4668,0.8748,0.6000
slo_83_01,0003,3393.2188,3.3932,1.4878,0.6648,0.1830,0.0000,1.6962,1.0928,0.6042
slo_83_01,0004,2911.6313,2.9116,1.2517,0.4727,0.1757,0.0000,1.7829,0.9051,0.2237
slo_83_01,0005,2903.4992,2.9035,1.2482,0.4034,0.2272,0.0000,2.0576,0.6692,0.1768
slo_83_01,0006,2966.0969,2.9661,1.2751,0.5045,0.1808,0.0000,1.9259,0.8365,0.2037
slo_83_01,0007,2846.6028,2.8466,1.2238,0.5159,0.2052,0.0682,2.0733,0.7051,0.0000
slo_83_01,0008,2732.8206,2.7328,1.2448,0.5000,0.1841,0.0000,1.7311,1.0018,0.0000
slo_83_01,0009,3294.6997,3.2947,1.4164,0.4182,0.2195,0.0000,2.0564,0.9564,0.2819
slo_83_01,0010,3026.4367,3.0264,1.3011,0.4602,0.2334,0.1657,2.1642,0.6966,0.0000
slo_83_01,0011,2857.0318,2.8570,1.2440,0.4341,0.1528,0.0000,2.0739,0.6527,0.1304
slo_83_01,0012,2994.0948,2.9941,1.2872,0.4034,0.1835,0.0000,1.6213,0.9503,0.4225
slo_83_01,0013,3001.9452,3.0019,1.3149,0.4795,0.2126,0.0000,1.6738,0.9021,0.4260
slo_83_01,0014,3082.6745,3.0827,1.3483,0.5250,0.2096,0.0000,1.9055,0.9400,0.2372
slo_83_01,0015,2949.0978,2.9491,1.2678,0.4114,0.1792,0.1246,1.4077,1.0821,0.3347
slo_84_01,0001,4174.0381,4.1740,1.7944,0.6523,0.2028,0.4029,1.0232,1.5188,1.2292
slo_84_01,0002,3897.2125,3.8972,1.6754,0.5466,0.2079,0.0000,1.4463,1.4068,1.0441
slo_84_01,0003,3977.5293,3.9775,1.7786,0.5909,0.2021,0.0000,1.2699,1.6126,1.0950
slo_84_01,0004,4265.8709,4.2659,1.8742,0.6227,0.2193,0.0000,1.6915,1.3976,1.1768
slo_84_01,0005,4078.0973,4.0781,1.7532,0.5625,0.2173,0.0000,1.5192,1.3047,1.2542
slo_84_01,0006,4228.6737,4.2287,1.8179,0.6568,0.1946,0.0000,1.8268,1.2965,1.1054
slo_84_01,0007,4096.0113,4.0960,1.7853,0.6750,0.2225,0.0000,1.6785,1.3070,1.1105
slo_84_01,0008,4315.9991,4.3160,1.8554,0.6261,0.2146,0.0000,1.5084,1.4182,1.3894
slo_84_01,0009,4790.6845,4.7907,2.0595,0.5545,0.2491,0.0000,1.2221,2.1261,1.4425
slo_84_01,0010,4429.2897,4.4293,1.9041,0.5875,0.2315,0.0000,1.4858,1.5182,1.4252
slo_84_01,0011,4561.1616,4.5612,1.9608,0.6648,0.2319,0.0000,1.5175,1.4134,1.6303
slo_84_01,0012,4123.8423,4.1238,1.7728,0.4932,0.2174,0.1651,1.3370,1.3223,1.2995
slo_84_01,0013,4174.9427,4.1749,1.7948,0.6568,0.2004,0.3707,1.2110,1.4204,1.1729
slo_84_01,0014,4291.6427,4.2916,1.8874,0.6284,0.2491,0.3549,1.4182,1.3606,1.1580
slo_84_01,0015,4386.9068,4.3869,1.9351,0.7227,0.2400,0.0000,1.7429,1.3899,1.2540
slo_85_01,0001,4012.1881,4.0122,1.7282,0.6545,0.2112,0.5895,1.4088,1.5157,0.4982
slo_85_01,0002,3865.2466,3.8652,1.6715,0.4545,0.2406,0.0000,1.3030,1.6099,0.9523
slo_85_01,0003,4095.2092,4.0952,1.7605,0.5057,0.2204,0.0000,1.0947,1.9431,1.0574
slo_85_01,0004,3844.8504,3.8449,1.6833,0.4977,0.2150,0.0000,1.0625,1.7917,0.9907
slo_85_01,0005,3665.6962,3.6657,1.5759,0.4875,0.1898,0.0000,0.8201,1.8645,0.9811
slo_85_01,0006,3657.1029,3.6571,1.6303,0.4966,0.1767,0.4674,0.7510,1.9335,0.5052
slo_85_01,0007,3708.0031,3.7080,1.6082,0.4705,0.1925,0.2289,0.7410,1.9034,0.8347
slo_85_01,0008,3807.0529,3.8071,1.6718,0.4864,0.2179,0.3732,1.0612,1.9213,0.4513
slo_85_01,0009,3680.3326,3.6803,1.5822,0.4625,0.1958,0.7861,0.9777,1.8453,0.0712
slo_85_01,0010,3685.9790,3.6860,1.5846,0.4273,0.1885,0.2272,1.0142,1.8204,0.6242
slo_85_01,0011,3604.1428,3.6041,1.5494,0.4432,0.1928,0.1382,1.1510,1.6522,0.6627
slo_85_01,0012,3649.1748,3.6492,1.5688,0.4375,0.2246,0.2399,0.8994,1.8121,0.6978
slo_85_01,0013,3680.8350,3.6808,1.5824,0.4545,0.2125,0.4196,1.0854,1.8021,0.3737
slo_85_01,0014,3509.7748,3.5098,1.5088,0.3977,0.2207,0.2855,1.0161,1.8147,0.3934
slo_85_01,0015,3507.2952,3.5073,1.5795,0.4250,0.2322,0.2570,0.8694,1.7979,0.5831
slo_85_01,0016,3691.4028,3.6914,1.6034,0.4580,0.2380,0.3982,0.8310,1.9433,0.5189
slo_86_01,0001,5404.3369,5.4043,2.3233,0.6330,0.2221,0.1847,1.1228,1.8494,2.2474
slo_86_01,0002,4262.2174,4.2622,1.8323,0.5977,0.2202,0.0000,1.4228,1.5117,1.3277
slo_86_01,0003,4235.5873,4.2356,1.8209,0.5295,0.2131,0.0000,1.4797,1.5959,1.1600
slo_86_01,0004,3911.3561,3.9114,1.7340,0.5523,0.2131,0.0000,1.4566,1.3978,1.0569
slo_86_01,0005,3923.5150,3.9235,1.6867,0.5261,0.1982,0.0000,1.2825,1.4473,1.1937
slo_86_01,0006,4368.6607,4.3687,1.8781,0.6068,0.2147,0.0000,1.4878,1.4381,1.4428
slo_86_01,0007,4055.5348,4.0555,1.7925,0.5807,0.2102,0.1951,1.5817,1.4067,0.8721
slo_86_01,0008,4253.0602,4.2531,1.8428,0.5273,0.2311,0.1708,1.7502,1.4857,0.8464
slo_86_01,0009,4315.2894,4.3153,1.8551,0.5489,0.2301,0.1686,1.8328,1.4208,0.8930
slo_86_01,0010,4463.6753,4.4637,1.9189,0.5625,0.2355,0.2318,1.7900,1.3840,1.0579
slo_86_01,0011,4238.7170,4.2387,1.8222,0.6159,0.2117,0.2061,1.5161,1.4714,1.0452
slo_86_01,0012,4520.6874,4.5207,1.9434,0.5580,0.2241,0.0000,1.3422,1.7343,1.4442
slo_86_01,0013,4386.7117,4.3867,1.8858,0.5852,0.2291,0.0000,1.6217,1.3426,1.4224
slo_86_01,0014,4888.2445,4.8882,2.1903,0.6659,0.2270,0.0000,1.8423,1.4256,1.6203
slo_86_01,0015,4782.5935,4.7826,2.1065,0.6375,0.2293,0.0000,1.6068,1.5758,1.6001
slo_87_01,0001,3254.2073,3.2542,1.4931,0.3716,0.2410,0.0000,1.2402,0.9759,1.0381
slo_87_01,0002,3137.6704,3.1377,1.4102,0.3898,0.2275,0.0000,1.1154,1.0526,0.9696
slo_87_01,0003,3035.3010,3.0353,1.3049,0.3761,0.2003,0.0000,1.1444,0.9442,0.9468
slo_87_01,0004,2916.1500,2.9161,1.2863,0.3795,0.2109,0.0000,0.8163,1.3207,0.7792
slo_87_01,0005,2782.2243,2.7822,1.2799,0.3886,0.1976,0.0000,0.9904,1.0132,0.7786
slo_87_01,0006,4257.8487,4.2578,1.8440,0.5795,0.2280,0.4107,2.0949,1.2336,0.5187
slo_87_01,0007,4450.5155,4.4505,1.9133,0.5989,0.2335,0.6462,2.0848,1.2839,0.4356
slo_87_01,0008,4582.3772,4.5824,1.9700,0.5239,0.2328,0.0000,1.7210,1.7673,1.0941
slo_87_01,0009,4210.9422,4.2109,1.8409,0.5239,0.2310,0.2012,1.7441,1.3783,0.8874
slo_87_01,0010,4069.8552,4.0699,1.7818,0.4852,0.2417,0.0000,1.6711,1.3034,1.0953
slo_87_01,0011,4211.8267,4.2118,1.8949,0.5045,0.2503,0.2269,1.7609,1.3226,0.9014
slo_87_01,0012,4441.4625,4.4415,1.9094,0.5057,0.2593,0.0000,1.8711,1.2752,1.2952
slo_87_01,0013,4358.9127,4.3589,1.9122,0.5102,0.2527,0.1547,1.8191,1.3094,1.0757
slo_87_01,0014,4348.7916,4.3488,1.9097,0.5432,0.2165,0.0000,1.5195,1.2680,1.5613
slo_87_01,0015,4744.4731,4.7445,2.0396,0.6250,0.2654,0.0000,1.7802,1.4492,1.5151
slo_88_01,0001,4314.1590,4.3142,1.8785,0.5398,0.2346,0.3843,1.1377,1.6150,1.1772
slo_88_01,0002,3913.6362,3.9136,1.6825,0.4841,0.2109,0.0000,1.3504,1.2125,1.3507
slo_88_01,0003,3822.7655,3.8228,1.7349,0.4750,0.2286,0.0000,1.4010,1.1821,1.2396
slo_88_01,0004,4358.7010,4.3587,1.8738,0.9625,0.1599,0.4207,1.7043,1.1810,1.0527
slo_88_01,0005,3857.2900,3.8573,1.7066,0.4182,0.2728,0.0000,1.6585,1.0820,1.1168
slo_88_01,0006,3771.3647,3.7714,1.6611,0.4398,0.2449,0.2233,1.4382,1.2864,0.8235
slo_88_01,0007,3871.6283,3.8716,1.6644,0.4341,0.2615,0.3795,1.5365,1.1595,0.7961
slo_88_01,0008,3898.3753,3.8984,1.7110,0.4341,0.2455,0.0000,1.3097,1.1646,1.4241
slo_88_01,0009,3794.3311,3.7943,1.6312,0.4193,0.2590,0.0000,1.5978,1.0978,1.0988
slo_88_01,0010,4102.0920,4.1021,1.7635,0.4432,0.2444,0.6094,1.5220,1.2147,0.7559
slo_88_01,0011,4325.5337,4.3255,1.8595,0.4500,0.2658,0.4528,1.7020,1.5409,0.6297
slo_88_01,0012,3833.3097,3.8333,1.6691,0.4239,0.2781,0.0000,1.7454,1.1653,0.9226
slo_88_01,0013,3908.4350,3.9084,1.6802,0.3989,0.2696,0.0000,1.7516,1.0721,1.0847
slo_88_01,0014,4223.8443,4.2238,1.8158,0.4193,0.2577,0.0000,1.7554,1.2159,1.2526
slo_88_01,0015,4008.4415,4.0084,1.7523,0.4443,0.2655,0.3251,1.5208,1.0683,1.0942
slo_89_01,0001,4594.3592,4.5944,2.0035,0.5045,0.2734,0.0000,1.8325,1.3262,1.4357
slo_89_01,0002,4137.7277,4.1377,1.7788,0.5148,0.2363,0.0000,1.6756,1.2295,1.2326
slo_89_01,0003,4160.0791,4.1601,1.8536,0.5080,0.2477,0.0000,1.7817,1.1205,1.2579
slo_89_01,0004,4144.6527,4.1447,1.7818,0.5034,0.2220,0.2345,1.7646,1.2248,0.9207
slo_89_01,0005,4153.4162,4.1534,1.8488,0.5261,0.2274,0.4337,1.3438,1.4772,0.8987
slo_89_01,0006,4018.5904,4.0186,1.7276,0.4648,0.2282,0.5042,1.7904,1.1799,0.5441
slo_89_01,0007,4269.2727,4.2693,1.8354,0.5125,0.2491,0.7603,1.9196,1.1423,0.4471
slo_89_01,0008,4098.1720,4.0982,1.7618,0.5455,0.2089,0.2388,1.8555,1.1367,0.8671
slo_89_01,0009,4205.2978,4.2053,1.8079,0.4523,0.2468,0.2216,1.7068,1.2058,1.0711
slo_89_01,0010,4488.5597,4.4886,1.9296,0.4841,0.2365,0.0000,1.3187,1.9844,1.1855
slo_89_01,0011,4093.5418,4.0935,1.7598,0.5034,0.2455,0.3338,1.4287,1.3402,0.9909
slo_89_01,0012,4173.2249,4.1732,1.7941,0.5125,0.2357,0.1470,1.6337,1.2725,1.1199
slo_89_01,0013,4449.2284,4.4492,1.9127,0.4864,0.3024,0.0000,1.9643,1.2665,1.2185
slo_89_01,0014,3762.3908,3.7624,1.6705,0.4716,0.2237,0.0000,1.7854,0.9110,1.0660
slo_89_01,0015,4204.6629,4.2047,1.8076,0.4727,0.2523,0.6309,1.7407,1.1187,0.7144
