,,,,,,,,,
,,,,,,,,,
,,,,,,,,,
,,,,,,,,,
,,,,,,,,,
,,,,,,,,,
,,,,,,,,,
,,,,,,,,,
9,90576A115,"Nylon-Insert Locknut, M6",1,Pack of 100,$4.77,$4.77,"Material: Zinc-Plated Steel (Cl 8); Thread: M6×1 mm; H: 6 mm; Spec: DIN 985, ISO 10511",[Link to Supplier Page],"Vibration resistant, reusable, Max Temp 220?F,"
12,94645A229,"High-Strength Nylon-Insert Locknut, M12",1,Pack of 10,$10.29,$10.29,"Material: Zinc-Plated Steel (Cl 10); Thread: M12×1.5 mm (Fine); H: 12 mm; Spec: DIN 985, ISO 10511",[Link to Supplier Page],"High Strength, Vibration Resistant, Max Temp 220?F"
11,98688A177,"Undersized Flat Washer, General Purpose",1,Pack of 25,$11.13,$11.13,For Screw: M12; ID: 13.0 mm; OD: 20.0 mm; Material: Zinc-Plated Steel; Spec: DIN 433; Class: 8.8,[Link to Supplier Page],"For narrow-head screws, Medium Strength"
13,90854A823,"Hex Head Screw, Zinc Yellow-Chromate, M12×70 mm",1,Pack of 5,$14.50,$14.50,"Material: Steel (Cl 10.9); Thread: M12×1.5 mm (Fine); TS: 150,000 psi; Spec: DIN 960",[Link to Supplier Page],"High-stress applications, partially threaded, good corrosion resistance"
14,6575N411,"T-Slot Rail, Double Six Slot, Solid",4,60cm,22,,"Size: 50mm×25mm; Material: 6560 Aluminum, Anodized; COO: USA; Feature: Solid",[Link to Supplier Page],"Smooth, Stronger than hollow, Price is per cm"
15,4844N114,"T-Slot Corner Bracket, Extended",8,Each,17.38,,Material: Anodized 6063 Alum.; For Rail Ht: 50 mm; Angle: 90?; Fasteners: Included (8 x M6),[Link to Supplier Page],"Stronger connection, No rail machining req'd, Made in USA"
